<?xml version="1.0" encoding="UTF-8"?>
<root>
  <item name="com.android.billingclient.util.BillingHelper int getResponseCodeFromBundle(android.os.Bundle, java.lang.String)">
    <annotation name="android.support.annotation.IntDef">
      <val name="value" val="{com.android.billingclient.api.BillingClient.BillingResponse.FEATURE_NOT_SUPPORTED, com.android.billingclient.api.BillingClient.BillingResponse.SERVICE_DISCONNECTED, com.android.billingclient.api.BillingClient.BillingResponse.OK, com.android.billingclient.api.BillingClient.BillingResponse.USER_CANCELED, com.android.billingclient.api.BillingClient.BillingResponse.SERVICE_UNAVAILABLE, com.android.billingclient.api.BillingClient.BillingResponse.BILLING_UNAVAILABLE, com.android.billingclient.api.BillingClient.BillingResponse.ITEM_UNAVAILABLE, com.android.billingclient.api.BillingClient.BillingResponse.DEVELOPER_ERROR, com.android.billingclient.api.BillingClient.BillingResponse.ERROR, com.android.billingclient.api.BillingClient.BillingResponse.ITEM_ALREADY_OWNED, com.android.billingclient.api.BillingClient.BillingResponse.ITEM_NOT_OWNED}" />
    </annotation>
  </item>
  <item name="com.android.billingclient.util.BillingHelper int getResponseCodeFromIntent(android.content.Intent, java.lang.String)">
    <annotation name="android.support.annotation.IntDef">
      <val name="value" val="{com.android.billingclient.api.BillingClient.BillingResponse.FEATURE_NOT_SUPPORTED, com.android.billingclient.api.BillingClient.BillingResponse.SERVICE_DISCONNECTED, com.android.billingclient.api.BillingClient.BillingResponse.OK, com.android.billingclient.api.BillingClient.BillingResponse.USER_CANCELED, com.android.billingclient.api.BillingClient.BillingResponse.SERVICE_UNAVAILABLE, com.android.billingclient.api.BillingClient.BillingResponse.BILLING_UNAVAILABLE, com.android.billingclient.api.BillingClient.BillingResponse.ITEM_UNAVAILABLE, com.android.billingclient.api.BillingClient.BillingResponse.DEVELOPER_ERROR, com.android.billingclient.api.BillingClient.BillingResponse.ERROR, com.android.billingclient.api.BillingClient.BillingResponse.ITEM_ALREADY_OWNED, com.android.billingclient.api.BillingClient.BillingResponse.ITEM_NOT_OWNED}" />
    </annotation>
  </item>
</root>

