<?xml version="1.0" encoding="UTF-8"?>
<root>
  <item name="com.android.billingclient.api.BillingClient com.android.billingclient.api.Purchase.PurchasesResult queryPurchases(java.lang.String) 0">
    <annotation name="android.support.annotation.StringDef">
      <val name="value" val="{com.android.billingclient.api.BillingClient.SkuType.INAPP, com.android.billingclient.api.BillingClient.SkuType.SUBS}" />
    </annotation>
  </item>
  <item name="com.android.billingclient.api.BillingClient int isFeatureSupported(java.lang.String)">
    <annotation name="android.support.annotation.IntDef">
      <val name="value" val="{com.android.billingclient.api.BillingClient.BillingResponse.FEATURE_NOT_SUPPORTED, com.android.billingclient.api.BillingClient.BillingResponse.SERVICE_DISCONNECTED, com.android.billingclient.api.BillingClient.BillingResponse.OK, com.android.billingclient.api.BillingClient.BillingResponse.USER_CANCELED, com.android.billingclient.api.BillingClient.BillingResponse.SERVICE_UNAVAILABLE, com.android.billingclient.api.BillingClient.BillingResponse.BILLING_UNAVAILABLE, com.android.billingclient.api.BillingClient.BillingResponse.ITEM_UNAVAILABLE, com.android.billingclient.api.BillingClient.BillingResponse.DEVELOPER_ERROR, com.android.billingclient.api.BillingClient.BillingResponse.ERROR, com.android.billingclient.api.BillingClient.BillingResponse.ITEM_ALREADY_OWNED, com.android.billingclient.api.BillingClient.BillingResponse.ITEM_NOT_OWNED}" />
    </annotation>
  </item>
  <item name="com.android.billingclient.api.BillingClient int isFeatureSupported(java.lang.String) 0">
    <annotation name="android.support.annotation.StringDef">
      <val name="value" val="{com.android.billingclient.api.BillingClient.FeatureType.SUBSCRIPTIONS, com.android.billingclient.api.BillingClient.FeatureType.SUBSCRIPTIONS_UPDATE, com.android.billingclient.api.BillingClient.FeatureType.IN_APP_ITEMS_ON_VR, com.android.billingclient.api.BillingClient.FeatureType.SUBSCRIPTIONS_ON_VR}" />
    </annotation>
  </item>
  <item name="com.android.billingclient.api.BillingClient void queryPurchaseHistoryAsync(java.lang.String, com.android.billingclient.api.PurchaseHistoryResponseListener) 0">
    <annotation name="android.support.annotation.StringDef">
      <val name="value" val="{com.android.billingclient.api.BillingClient.SkuType.INAPP, com.android.billingclient.api.BillingClient.SkuType.SUBS}" />
    </annotation>
  </item>
  <item name="com.android.billingclient.api.BillingClient.BillingResponse">
    <annotation name="android.support.annotation.IntDef">
      <val name="value" val="{com.android.billingclient.api.BillingClient.BillingResponse.FEATURE_NOT_SUPPORTED, com.android.billingclient.api.BillingClient.BillingResponse.SERVICE_DISCONNECTED, com.android.billingclient.api.BillingClient.BillingResponse.OK, com.android.billingclient.api.BillingClient.BillingResponse.USER_CANCELED, com.android.billingclient.api.BillingClient.BillingResponse.SERVICE_UNAVAILABLE, com.android.billingclient.api.BillingClient.BillingResponse.BILLING_UNAVAILABLE, com.android.billingclient.api.BillingClient.BillingResponse.ITEM_UNAVAILABLE, com.android.billingclient.api.BillingClient.BillingResponse.DEVELOPER_ERROR, com.android.billingclient.api.BillingClient.BillingResponse.ERROR, com.android.billingclient.api.BillingClient.BillingResponse.ITEM_ALREADY_OWNED, com.android.billingclient.api.BillingClient.BillingResponse.ITEM_NOT_OWNED}" />
    </annotation>
  </item>
  <item name="com.android.billingclient.api.BillingClient.FeatureType">
    <annotation name="android.support.annotation.StringDef">
      <val name="value" val="{com.android.billingclient.api.BillingClient.FeatureType.SUBSCRIPTIONS, com.android.billingclient.api.BillingClient.FeatureType.SUBSCRIPTIONS_UPDATE, com.android.billingclient.api.BillingClient.FeatureType.IN_APP_ITEMS_ON_VR, com.android.billingclient.api.BillingClient.FeatureType.SUBSCRIPTIONS_ON_VR}" />
    </annotation>
  </item>
  <item name="com.android.billingclient.api.BillingClient.SkuType">
    <annotation name="android.support.annotation.StringDef">
      <val name="value" val="{com.android.billingclient.api.BillingClient.SkuType.INAPP, com.android.billingclient.api.BillingClient.SkuType.SUBS}" />
    </annotation>
  </item>
  <item name="com.android.billingclient.api.BillingClientImpl com.android.billingclient.api.Purchase.PurchasesResult queryPurchases(java.lang.String) 0">
    <annotation name="android.support.annotation.StringDef">
      <val name="value" val="{com.android.billingclient.api.BillingClient.SkuType.INAPP, com.android.billingclient.api.BillingClient.SkuType.SUBS}" />
    </annotation>
  </item>
  <item name="com.android.billingclient.api.BillingClientImpl com.android.billingclient.api.Purchase.PurchasesResult queryPurchasesInternal(java.lang.String, boolean) 0">
    <annotation name="android.support.annotation.StringDef">
      <val name="value" val="{com.android.billingclient.api.BillingClient.SkuType.INAPP, com.android.billingclient.api.BillingClient.SkuType.SUBS}" />
    </annotation>
  </item>
  <item name="com.android.billingclient.api.BillingClientImpl com.android.billingclient.api.SkuDetails.SkuDetailsResult querySkuDetailsInternal(java.lang.String, java.util.List&lt;java.lang.String&gt;) 0">
    <annotation name="android.support.annotation.StringDef">
      <val name="value" val="{com.android.billingclient.api.BillingClient.SkuType.INAPP, com.android.billingclient.api.BillingClient.SkuType.SUBS}" />
    </annotation>
  </item>
  <item name="com.android.billingclient.api.BillingClientImpl int isBillingSupportedOnVr(java.lang.String) 0">
    <annotation name="android.support.annotation.StringDef">
      <val name="value" val="{com.android.billingclient.api.BillingClient.SkuType.INAPP, com.android.billingclient.api.BillingClient.SkuType.SUBS}" />
    </annotation>
  </item>
  <item name="com.android.billingclient.api.BillingClientImpl int isFeatureSupported(java.lang.String)">
    <annotation name="android.support.annotation.IntDef">
      <val name="value" val="{com.android.billingclient.api.BillingClient.BillingResponse.FEATURE_NOT_SUPPORTED, com.android.billingclient.api.BillingClient.BillingResponse.SERVICE_DISCONNECTED, com.android.billingclient.api.BillingClient.BillingResponse.OK, com.android.billingclient.api.BillingClient.BillingResponse.USER_CANCELED, com.android.billingclient.api.BillingClient.BillingResponse.SERVICE_UNAVAILABLE, com.android.billingclient.api.BillingClient.BillingResponse.BILLING_UNAVAILABLE, com.android.billingclient.api.BillingClient.BillingResponse.ITEM_UNAVAILABLE, com.android.billingclient.api.BillingClient.BillingResponse.DEVELOPER_ERROR, com.android.billingclient.api.BillingClient.BillingResponse.ERROR, com.android.billingclient.api.BillingClient.BillingResponse.ITEM_ALREADY_OWNED, com.android.billingclient.api.BillingClient.BillingResponse.ITEM_NOT_OWNED}" />
    </annotation>
  </item>
  <item name="com.android.billingclient.api.BillingClientImpl int isFeatureSupported(java.lang.String) 0">
    <annotation name="android.support.annotation.StringDef">
      <val name="value" val="{com.android.billingclient.api.BillingClient.FeatureType.SUBSCRIPTIONS, com.android.billingclient.api.BillingClient.FeatureType.SUBSCRIPTIONS_UPDATE, com.android.billingclient.api.BillingClient.FeatureType.IN_APP_ITEMS_ON_VR, com.android.billingclient.api.BillingClient.FeatureType.SUBSCRIPTIONS_ON_VR}" />
    </annotation>
  </item>
  <item name="com.android.billingclient.api.BillingClientImpl mClientState">
    <annotation name="android.support.annotation.IntDef">
      <val name="value" val="{com.android.billingclient.api.BillingClientImpl.ClientState.DISCONNECTED, com.android.billingclient.api.BillingClientImpl.ClientState.CONNECTING, com.android.billingclient.api.BillingClientImpl.ClientState.CONNECTED, com.android.billingclient.api.BillingClientImpl.ClientState.CLOSED}" />
    </annotation>
  </item>
  <item name="com.android.billingclient.api.BillingClientImpl void queryPurchaseHistoryAsync(java.lang.String, com.android.billingclient.api.PurchaseHistoryResponseListener) 0">
    <annotation name="android.support.annotation.StringDef">
      <val name="value" val="{com.android.billingclient.api.BillingClient.SkuType.INAPP, com.android.billingclient.api.BillingClient.SkuType.SUBS}" />
    </annotation>
  </item>
  <item name="com.android.billingclient.api.BillingClientImpl.ClientState">
    <annotation name="android.support.annotation.IntDef">
      <val name="value" val="{com.android.billingclient.api.BillingClientImpl.ClientState.DISCONNECTED, com.android.billingclient.api.BillingClientImpl.ClientState.CONNECTING, com.android.billingclient.api.BillingClientImpl.ClientState.CONNECTED, com.android.billingclient.api.BillingClientImpl.ClientState.CLOSED}" />
    </annotation>
  </item>
  <item name="com.android.billingclient.api.BillingClientStateListener void onBillingSetupFinished(int) 0">
    <annotation name="android.support.annotation.IntDef">
      <val name="value" val="{com.android.billingclient.api.BillingClient.BillingResponse.FEATURE_NOT_SUPPORTED, com.android.billingclient.api.BillingClient.BillingResponse.SERVICE_DISCONNECTED, com.android.billingclient.api.BillingClient.BillingResponse.OK, com.android.billingclient.api.BillingClient.BillingResponse.USER_CANCELED, com.android.billingclient.api.BillingClient.BillingResponse.SERVICE_UNAVAILABLE, com.android.billingclient.api.BillingClient.BillingResponse.BILLING_UNAVAILABLE, com.android.billingclient.api.BillingClient.BillingResponse.ITEM_UNAVAILABLE, com.android.billingclient.api.BillingClient.BillingResponse.DEVELOPER_ERROR, com.android.billingclient.api.BillingClient.BillingResponse.ERROR, com.android.billingclient.api.BillingClient.BillingResponse.ITEM_ALREADY_OWNED, com.android.billingclient.api.BillingClient.BillingResponse.ITEM_NOT_OWNED}" />
    </annotation>
  </item>
  <item name="com.android.billingclient.api.BillingFlowParams java.lang.String getSkuType()">
    <annotation name="android.support.annotation.StringDef">
      <val name="value" val="{com.android.billingclient.api.BillingClient.SkuType.INAPP, com.android.billingclient.api.BillingClient.SkuType.SUBS}" />
    </annotation>
  </item>
  <item name="com.android.billingclient.api.BillingFlowParams mSkuType">
    <annotation name="android.support.annotation.StringDef">
      <val name="value" val="{com.android.billingclient.api.BillingClient.SkuType.INAPP, com.android.billingclient.api.BillingClient.SkuType.SUBS}" />
    </annotation>
  </item>
  <item name="com.android.billingclient.api.BillingFlowParams.Builder com.android.billingclient.api.BillingFlowParams.Builder setType(java.lang.String) 0">
    <annotation name="android.support.annotation.StringDef">
      <val name="value" val="{com.android.billingclient.api.BillingClient.SkuType.INAPP, com.android.billingclient.api.BillingClient.SkuType.SUBS}" />
    </annotation>
  </item>
  <item name="com.android.billingclient.api.ConsumeResponseListener void onConsumeResponse(int, java.lang.String) 0">
    <annotation name="android.support.annotation.IntDef">
      <val name="value" val="{com.android.billingclient.api.BillingClient.BillingResponse.FEATURE_NOT_SUPPORTED, com.android.billingclient.api.BillingClient.BillingResponse.SERVICE_DISCONNECTED, com.android.billingclient.api.BillingClient.BillingResponse.OK, com.android.billingclient.api.BillingClient.BillingResponse.USER_CANCELED, com.android.billingclient.api.BillingClient.BillingResponse.SERVICE_UNAVAILABLE, com.android.billingclient.api.BillingClient.BillingResponse.BILLING_UNAVAILABLE, com.android.billingclient.api.BillingClient.BillingResponse.ITEM_UNAVAILABLE, com.android.billingclient.api.BillingClient.BillingResponse.DEVELOPER_ERROR, com.android.billingclient.api.BillingClient.BillingResponse.ERROR, com.android.billingclient.api.BillingClient.BillingResponse.ITEM_ALREADY_OWNED, com.android.billingclient.api.BillingClient.BillingResponse.ITEM_NOT_OWNED}" />
    </annotation>
  </item>
  <item name="com.android.billingclient.api.Purchase.PurchasesResult PurchasesResult(int, java.util.List&lt;com.android.billingclient.api.Purchase&gt;) 0">
    <annotation name="android.support.annotation.IntDef">
      <val name="value" val="{com.android.billingclient.api.BillingClient.BillingResponse.FEATURE_NOT_SUPPORTED, com.android.billingclient.api.BillingClient.BillingResponse.SERVICE_DISCONNECTED, com.android.billingclient.api.BillingClient.BillingResponse.OK, com.android.billingclient.api.BillingClient.BillingResponse.USER_CANCELED, com.android.billingclient.api.BillingClient.BillingResponse.SERVICE_UNAVAILABLE, com.android.billingclient.api.BillingClient.BillingResponse.BILLING_UNAVAILABLE, com.android.billingclient.api.BillingClient.BillingResponse.ITEM_UNAVAILABLE, com.android.billingclient.api.BillingClient.BillingResponse.DEVELOPER_ERROR, com.android.billingclient.api.BillingClient.BillingResponse.ERROR, com.android.billingclient.api.BillingClient.BillingResponse.ITEM_ALREADY_OWNED, com.android.billingclient.api.BillingClient.BillingResponse.ITEM_NOT_OWNED}" />
    </annotation>
  </item>
  <item name="com.android.billingclient.api.Purchase.PurchasesResult int getResponseCode()">
    <annotation name="android.support.annotation.IntDef">
      <val name="value" val="{com.android.billingclient.api.BillingClient.BillingResponse.FEATURE_NOT_SUPPORTED, com.android.billingclient.api.BillingClient.BillingResponse.SERVICE_DISCONNECTED, com.android.billingclient.api.BillingClient.BillingResponse.OK, com.android.billingclient.api.BillingClient.BillingResponse.USER_CANCELED, com.android.billingclient.api.BillingClient.BillingResponse.SERVICE_UNAVAILABLE, com.android.billingclient.api.BillingClient.BillingResponse.BILLING_UNAVAILABLE, com.android.billingclient.api.BillingClient.BillingResponse.ITEM_UNAVAILABLE, com.android.billingclient.api.BillingClient.BillingResponse.DEVELOPER_ERROR, com.android.billingclient.api.BillingClient.BillingResponse.ERROR, com.android.billingclient.api.BillingClient.BillingResponse.ITEM_ALREADY_OWNED, com.android.billingclient.api.BillingClient.BillingResponse.ITEM_NOT_OWNED}" />
    </annotation>
  </item>
  <item name="com.android.billingclient.api.Purchase.PurchasesResult mResponseCode">
    <annotation name="android.support.annotation.IntDef">
      <val name="value" val="{com.android.billingclient.api.BillingClient.BillingResponse.FEATURE_NOT_SUPPORTED, com.android.billingclient.api.BillingClient.BillingResponse.SERVICE_DISCONNECTED, com.android.billingclient.api.BillingClient.BillingResponse.OK, com.android.billingclient.api.BillingClient.BillingResponse.USER_CANCELED, com.android.billingclient.api.BillingClient.BillingResponse.SERVICE_UNAVAILABLE, com.android.billingclient.api.BillingClient.BillingResponse.BILLING_UNAVAILABLE, com.android.billingclient.api.BillingClient.BillingResponse.ITEM_UNAVAILABLE, com.android.billingclient.api.BillingClient.BillingResponse.DEVELOPER_ERROR, com.android.billingclient.api.BillingClient.BillingResponse.ERROR, com.android.billingclient.api.BillingClient.BillingResponse.ITEM_ALREADY_OWNED, com.android.billingclient.api.BillingClient.BillingResponse.ITEM_NOT_OWNED}" />
    </annotation>
  </item>
  <item name="com.android.billingclient.api.PurchaseHistoryResponseListener void onPurchaseHistoryResponse(int, java.util.List&lt;com.android.billingclient.api.Purchase&gt;) 0">
    <annotation name="android.support.annotation.IntDef">
      <val name="value" val="{com.android.billingclient.api.BillingClient.BillingResponse.FEATURE_NOT_SUPPORTED, com.android.billingclient.api.BillingClient.BillingResponse.SERVICE_DISCONNECTED, com.android.billingclient.api.BillingClient.BillingResponse.OK, com.android.billingclient.api.BillingClient.BillingResponse.USER_CANCELED, com.android.billingclient.api.BillingClient.BillingResponse.SERVICE_UNAVAILABLE, com.android.billingclient.api.BillingClient.BillingResponse.BILLING_UNAVAILABLE, com.android.billingclient.api.BillingClient.BillingResponse.ITEM_UNAVAILABLE, com.android.billingclient.api.BillingClient.BillingResponse.DEVELOPER_ERROR, com.android.billingclient.api.BillingClient.BillingResponse.ERROR, com.android.billingclient.api.BillingClient.BillingResponse.ITEM_ALREADY_OWNED, com.android.billingclient.api.BillingClient.BillingResponse.ITEM_NOT_OWNED}" />
    </annotation>
  </item>
  <item name="com.android.billingclient.api.PurchasesUpdatedListener void onPurchasesUpdated(int, java.util.List&lt;com.android.billingclient.api.Purchase&gt;) 0">
    <annotation name="android.support.annotation.IntDef">
      <val name="value" val="{com.android.billingclient.api.BillingClient.BillingResponse.FEATURE_NOT_SUPPORTED, com.android.billingclient.api.BillingClient.BillingResponse.SERVICE_DISCONNECTED, com.android.billingclient.api.BillingClient.BillingResponse.OK, com.android.billingclient.api.BillingClient.BillingResponse.USER_CANCELED, com.android.billingclient.api.BillingClient.BillingResponse.SERVICE_UNAVAILABLE, com.android.billingclient.api.BillingClient.BillingResponse.BILLING_UNAVAILABLE, com.android.billingclient.api.BillingClient.BillingResponse.ITEM_UNAVAILABLE, com.android.billingclient.api.BillingClient.BillingResponse.DEVELOPER_ERROR, com.android.billingclient.api.BillingClient.BillingResponse.ERROR, com.android.billingclient.api.BillingClient.BillingResponse.ITEM_ALREADY_OWNED, com.android.billingclient.api.BillingClient.BillingResponse.ITEM_NOT_OWNED}" />
    </annotation>
  </item>
  <item name="com.android.billingclient.api.SkuDetails java.lang.String getType()">
    <annotation name="android.support.annotation.StringDef">
      <val name="value" val="{com.android.billingclient.api.BillingClient.SkuType.INAPP, com.android.billingclient.api.BillingClient.SkuType.SUBS}" />
    </annotation>
  </item>
  <item name="com.android.billingclient.api.SkuDetails.SkuDetailsResult SkuDetailsResult(int, java.util.List&lt;com.android.billingclient.api.SkuDetails&gt;) 0">
    <annotation name="android.support.annotation.IntDef">
      <val name="value" val="{com.android.billingclient.api.BillingClient.BillingResponse.FEATURE_NOT_SUPPORTED, com.android.billingclient.api.BillingClient.BillingResponse.SERVICE_DISCONNECTED, com.android.billingclient.api.BillingClient.BillingResponse.OK, com.android.billingclient.api.BillingClient.BillingResponse.USER_CANCELED, com.android.billingclient.api.BillingClient.BillingResponse.SERVICE_UNAVAILABLE, com.android.billingclient.api.BillingClient.BillingResponse.BILLING_UNAVAILABLE, com.android.billingclient.api.BillingClient.BillingResponse.ITEM_UNAVAILABLE, com.android.billingclient.api.BillingClient.BillingResponse.DEVELOPER_ERROR, com.android.billingclient.api.BillingClient.BillingResponse.ERROR, com.android.billingclient.api.BillingClient.BillingResponse.ITEM_ALREADY_OWNED, com.android.billingclient.api.BillingClient.BillingResponse.ITEM_NOT_OWNED}" />
    </annotation>
  </item>
  <item name="com.android.billingclient.api.SkuDetails.SkuDetailsResult int getResponseCode()">
    <annotation name="android.support.annotation.IntDef">
      <val name="value" val="{com.android.billingclient.api.BillingClient.BillingResponse.FEATURE_NOT_SUPPORTED, com.android.billingclient.api.BillingClient.BillingResponse.SERVICE_DISCONNECTED, com.android.billingclient.api.BillingClient.BillingResponse.OK, com.android.billingclient.api.BillingClient.BillingResponse.USER_CANCELED, com.android.billingclient.api.BillingClient.BillingResponse.SERVICE_UNAVAILABLE, com.android.billingclient.api.BillingClient.BillingResponse.BILLING_UNAVAILABLE, com.android.billingclient.api.BillingClient.BillingResponse.ITEM_UNAVAILABLE, com.android.billingclient.api.BillingClient.BillingResponse.DEVELOPER_ERROR, com.android.billingclient.api.BillingClient.BillingResponse.ERROR, com.android.billingclient.api.BillingClient.BillingResponse.ITEM_ALREADY_OWNED, com.android.billingclient.api.BillingClient.BillingResponse.ITEM_NOT_OWNED}" />
    </annotation>
  </item>
  <item name="com.android.billingclient.api.SkuDetails.SkuDetailsResult mResponseCode">
    <annotation name="android.support.annotation.IntDef">
      <val name="value" val="{com.android.billingclient.api.BillingClient.BillingResponse.FEATURE_NOT_SUPPORTED, com.android.billingclient.api.BillingClient.BillingResponse.SERVICE_DISCONNECTED, com.android.billingclient.api.BillingClient.BillingResponse.OK, com.android.billingclient.api.BillingClient.BillingResponse.USER_CANCELED, com.android.billingclient.api.BillingClient.BillingResponse.SERVICE_UNAVAILABLE, com.android.billingclient.api.BillingClient.BillingResponse.BILLING_UNAVAILABLE, com.android.billingclient.api.BillingClient.BillingResponse.ITEM_UNAVAILABLE, com.android.billingclient.api.BillingClient.BillingResponse.DEVELOPER_ERROR, com.android.billingclient.api.BillingClient.BillingResponse.ERROR, com.android.billingclient.api.BillingClient.BillingResponse.ITEM_ALREADY_OWNED, com.android.billingclient.api.BillingClient.BillingResponse.ITEM_NOT_OWNED}" />
    </annotation>
  </item>
  <item name="com.android.billingclient.api.SkuDetailsParams java.lang.String getSkuType()">
    <annotation name="android.support.annotation.StringDef">
      <val name="value" val="{com.android.billingclient.api.BillingClient.SkuType.INAPP, com.android.billingclient.api.BillingClient.SkuType.SUBS}" />
    </annotation>
  </item>
  <item name="com.android.billingclient.api.SkuDetailsParams mSkuType">
    <annotation name="android.support.annotation.StringDef">
      <val name="value" val="{com.android.billingclient.api.BillingClient.SkuType.INAPP, com.android.billingclient.api.BillingClient.SkuType.SUBS}" />
    </annotation>
  </item>
  <item name="com.android.billingclient.api.SkuDetailsParams.Builder com.android.billingclient.api.SkuDetailsParams.Builder setType(java.lang.String) 0">
    <annotation name="android.support.annotation.StringDef">
      <val name="value" val="{com.android.billingclient.api.BillingClient.SkuType.INAPP, com.android.billingclient.api.BillingClient.SkuType.SUBS}" />
    </annotation>
  </item>
  <item name="com.android.billingclient.api.SkuDetailsResponseListener void onSkuDetailsResponse(int, java.util.List&lt;com.android.billingclient.api.SkuDetails&gt;) 0">
    <annotation name="android.support.annotation.IntDef">
      <val name="value" val="{com.android.billingclient.api.BillingClient.BillingResponse.FEATURE_NOT_SUPPORTED, com.android.billingclient.api.BillingClient.BillingResponse.SERVICE_DISCONNECTED, com.android.billingclient.api.BillingClient.BillingResponse.OK, com.android.billingclient.api.BillingClient.BillingResponse.USER_CANCELED, com.android.billingclient.api.BillingClient.BillingResponse.SERVICE_UNAVAILABLE, com.android.billingclient.api.BillingClient.BillingResponse.BILLING_UNAVAILABLE, com.android.billingclient.api.BillingClient.BillingResponse.ITEM_UNAVAILABLE, com.android.billingclient.api.BillingClient.BillingResponse.DEVELOPER_ERROR, com.android.billingclient.api.BillingClient.BillingResponse.ERROR, com.android.billingclient.api.BillingClient.BillingResponse.ITEM_ALREADY_OWNED, com.android.billingclient.api.BillingClient.BillingResponse.ITEM_NOT_OWNED}" />
    </annotation>
  </item>
</root>

